source,count,avg_sentiment
Wired,3,0.5825666666666667
NPR,27,0.02870000000000003
BBC News,12,-0.28499166666666664
Business Insider,58,-0.3117120689655171
